<?xml version="1.0" encoding="UTF-8"?>
<project-private xmlns="http://www.netbeans.org/ns/project-private/1">
    <editor-bookmarks xmlns="http://www.netbeans.org/ns/editor-bookmarks/2" lastBookmarkId="0"/>
    <open-files xmlns="http://www.netbeans.org/ns/projectui-open-files/2">
        <group>
            <file>file:/C:/Users/karen/OneDrive/Documentos/Clases/Programacion%20aplicada/Trabajo%20final/OrtizK_TrabajoFinal/src/View/VistaVitalSings.java</file>
            <file>file:/C:/Users/karen/OneDrive/Documentos/Clases/Programacion%20aplicada/Trabajo%20final/OrtizK_TrabajoFinal/src/Controller/PersonaControlador.java</file>
            <file>file:/C:/Users/karen/OneDrive/Documentos/Clases/Programacion%20aplicada/Trabajo%20final/OrtizK_TrabajoFinal/src/Model/DAO/DataBaseManager.java</file>
            <file>file:/C:/Users/karen/OneDrive/Documentos/Clases/Programacion%20aplicada/Trabajo%20final/OrtizK_TrabajoFinal/src/View/VistaPrincipal.java</file>
        </group>
    </open-files>
</project-private>
